<?xml version="1.0" encoding="UTF-8" standalone="yes"?>
<addon id="repository.kodiskinew" name="[COLOR red][B]kodiskinew Repository:[/B][/COLOR] [COLOR snow][B][/B][/COLOR]" version="1.5" provider-name="kodiskinew">
	<extension point="xbmc.addon.repository" name="kodsikinew: Repository">
	    <info compressed="false">https://raw.githubusercontent.com/k19w/Repositorykodiskinew/main/repository/addons.xml</info>
        <checksum>https://raw.githubusercontent.com/k19w/Repositorykodiskinew/main/repository/addons.xml.md5</checksum>
        <datadir zip="true">https://raw.githubusercontent.com/k19w/Repositorykodiskinew/main/repository/zips/</datadir>
	<extension/>
	<extension point="xbmc.addon.metadata">
		<summary lang="he">תודה שבחרתם בקודי סקין חדש</summary>
		<description lang="en"></description>
		<platform>all</platform>
		<assets>
			<icon>icon.png</icon>
			<fanart>fanart.jpg</fanart>
        </assets>
	</extension>
</addon>