<?xml version="1.0" encoding="UTF-8" standalone="yes"?>
<addon id="repository.kodiskinew"
       name="Kodiskinew wizard 2022 20/07/2022"
       version="1.0.0"
       provider-name="kodiskinew">
    <extension point="xbmc.addon.repository" name="kodiskinew">
        <info compressed="false">https://raw.githubusercontent.com/k19w/Repositorykodiskinew/main/addons.xml</info>
        <checksum>https://raw.githubusercontent.com/k19w/Repositorykodiskinew/main/addons.xml.md5</checksum>
        <datadir zip="true">https://raw.githubusercontent.com/k19w/Repositorykodiskinew/main/</datadir>
    </extension>
    <extension point="xbmc.addon.metadata">
        <summary>kodiskinew</summary>
        <description>join KODISKINEW</description>
        <disclaimer>Tanksforyou</disclaimer>
        <platform>all</platform>
    </extension>
</addon>